DROP TABLE IF EXISTS PROJECT_TECHNOLOGY;
DROP TABLE IF EXISTS PROJECT_DEVELOPER;
DROP TABLE IF EXISTS PROJECT;
DROP TABLE IF EXISTS TECHNOLOGY;
DROP TABLE IF EXISTS DEVELOPER;

CREATE TABLE PROJECT(
	PROJECT_ID INT AUTO_INCREMENT PRIMARY KEY, 
	PROJECT_NAME VARCHAR(255),
	START_DATE DATE,
	PROJECT_DESCRIPTION VARCHAR(255),
	PROJECT_MANAGER VARCHAR(255)
);


CREATE TABLE TECHNOLOGY(
	TECHNOLOGY_ID INT AUTO_INCREMENT PRIMARY KEY, 
	TECHNOLOGY_NAME VARCHAR(255)
);

CREATE TABLE DEVELOPER(
	DEVELOPER_ID INT AUTO_INCREMENT PRIMARY KEY,
	DEVELOPER_NAME VARCHAR(255)
);

CREATE TABLE PROJECT_DEVELOPER(
	PROJECT_ID INT NOT NULL,
	DEVELOPER_ID INT NOT NULL,
	FOREIGN KEY(PROJECT_ID) REFERENCES PROJECT(PROJECT_ID),
	FOREIGN KEY(DEVELOPER_ID) REFERENCES DEVELOPER(DEVELOPER_ID),
	PRIMARY KEY(PROJECT_ID, DEVELOPER_ID) 
);

CREATE TABLE PROJECT_TECHNOLOGY(
	PROJECT_ID INT NOT NULL,
	TECHNOLOGY_ID INT NOT NULL,
	FOREIGN KEY(PROJECT_ID) REFERENCES PROJECT(PROJECT_ID),
	FOREIGN KEY(TECHNOLOGY_ID) REFERENCES TECHNOLOGY(TECHNOLOGY_ID),
	PRIMARY KEY(PROJECT_ID, TECHNOLOGY_ID) 
);

INSERT INTO PROJECT VALUES(1,'Dish Web', NOW(), 'Proyecto web Dish', 'Roberto Prieto');
INSERT INTO PROJECT VALUES(2,'Dish Movil', NOW(), 'Proyecto móvil dish', 'Jose Garcia');
INSERT INTO PROJECT VALUES(3,'Dish Back', NOW(), 'Proyecto back end dish', 'Alfredo Romo');

INSERT INTO TECHNOLOGY VALUES(1,'Java');
INSERT INTO TECHNOLOGY VALUES(2,'Sql');
INSERT INTO TECHNOLOGY VALUES(3,'Asp');
INSERT INTO TECHNOLOGY VALUES(4,'C#');
INSERT INTO TECHNOLOGY VALUES(5,'Python');

INSERT INTO DEVELOPER VALUES(1,'Luis Dominguez');
INSERT INTO DEVELOPER VALUES(2,'Joel Amarillo');
INSERT INTO DEVELOPER VALUES(3,'Carlos Pacheco');
INSERT INTO DEVELOPER VALUES(4,'Edgar Amitia');
INSERT INTO DEVELOPER VALUES(5,'Amilcar Sanchez');

INSERT INTO PROJECT_DEVELOPER VALUES(1,1);
INSERT INTO PROJECT_DEVELOPER VALUES(1,3);
INSERT INTO PROJECT_DEVELOPER VALUES(2,2);
INSERT INTO PROJECT_DEVELOPER VALUES(2,4);
INSERT INTO PROJECT_DEVELOPER VALUES(3,5);

INSERT INTO PROJECT_TECHNOLOGY VALUES(1,1);
INSERT INTO PROJECT_TECHNOLOGY VALUES(1,3);
INSERT INTO PROJECT_TECHNOLOGY VALUES(2,2);
INSERT INTO PROJECT_TECHNOLOGY VALUES(2,4);
INSERT INTO PROJECT_TECHNOLOGY VALUES(3,5);


